merchant_order_id,razorpay_order_id,customer_ref,order_date,gross_amount_paise,currency,expected_status
ORD-2026070001,order_C28753F8221C4E,Aditya Chatterjee,2026-08-01,1397700,INR,paid
ORD-2026070002,order_2DD301C8A91AFA,Neha Patel,2026-07-31,2783600,INR,paid
ORD-2026070003,order_32B55D35E67646,Vijay Mukherjee,2026-07-11,818100,INR,paid
ORD-2026070004,order_6B451936D1D5C4,Aarav Nair,2026-07-22,110300,INR,paid
ORD-2026070005,order_5A9331F6205888,Sneha Chatterjee,2026-07-10,138500,INR,paid
ORD-2026070006,order_8F9B7341E163E7,Sunita Kapoor,2026-07-12,2782400,INR,paid
ORD-2026070007,order_CFF79C40D286A6,Geeta Verma,2026-07-24,356700,INR,paid
ORD-2026070008,order_B627E356CF2C92,Aditya Iyer,2026-07-27,3463000,INR,paid
ORD-2026070009,order_F7D6534C68CA03,Avni Chatterjee,2026-08-12,1897300,INR,paid
ORD-2026070010,order_A83C11D242CFCA,Sunita Kapoor,2026-08-12,195700,INR,paid
ORD-2026070011,order_BFA2BCD3438F60,Neha Das,2026-08-08,264000,INR,paid
ORD-2026070012,order_F8870B785E85A0,Neha Singh,2026-07-26,1500400,INR,paid
ORD-2026070013,order_B70D1BB7F44F11,Geeta Mukherjee,2026-07-25,799100,INR,paid
ORD-2026070014,order_03F21AE385EECA,Aarav Bose,2026-08-13,880300,INR,paid
ORD-2026070015,order_57A6DA9E0C39C2,Vivaan Mukherjee,2026-07-27,1007000,INR,paid
ORD-2026070016,order_B3AA70992C73AC,Vihaan Kumar,2026-07-09,4111400,INR,paid
ORD-2026070017,order_F7F7FCEEC2B3A9,Rahul Menon,2026-07-13,58800,INR,paid
ORD-2026070018,order_18D2C954CB1471,Avni Patel,2026-07-11,73300,INR,paid
ORD-2026070019,order_4CF696B50537A3,Priya Yadav,2026-07-19,3816600,INR,paid
ORD-2026070020,order_D43C62B3CE347F,Arjun Mukherjee,2026-08-13,2658800,INR,paid
ORD-2026070021,order_0DF8776CFDDC2C,Ananya Sharma,2026-08-06,1528200,INR,paid
ORD-2026070022,order_A4C114BAEEC351,Reyansh Bose,2026-07-15,1303200,INR,paid
ORD-2026070023,order_35599BDC7C115F,Reyansh Kumar,2026-07-31,206200,INR,paid
ORD-2026070024,order_3A0DEED98644FD,Ishaan Malhotra,2026-08-06,2704800,INR,paid
ORD-2026070025,order_A9BD0B0B0CCAFF,Diya Rao,2026-07-19,66500,INR,paid
ORD-2026070026,order_F18C69E30E45F7,Sunita Nair,2026-07-02,616400,INR,paid
ORD-2026070027,order_57F3923438DCCD,Vihaan Ghosh,2026-07-28,718800,INR,paid
ORD-2026070028,order_CEF3461658498D,Ishaan Malhotra,2026-08-09,1543400,INR,paid
ORD-2026070029,order_13DFFAFC430D70,Geeta Mukherjee,2026-07-29,256000,INR,paid
ORD-2026070030,order_117065EC355A96,Avni Patel,2026-08-14,580400,INR,paid
ORD-2026070031,order_520742A4CCA1B3,Ananya Yadav,2026-07-12,1543600,INR,paid
ORD-2026070032,order_6B2BD7C5C07325,Ishaan Gupta,2026-07-18,658900,INR,paid
ORD-2026070033,order_DCA01FB5FF2EE7,Rahul Gupta,2026-07-30,1431700,INR,paid
ORD-2026070034,order_3A0F3BE0121103,Suresh Nair,2026-08-07,1846600,INR,paid
ORD-2026070035,order_C6D4C3B9168CA6,Shaurya Gupta,2026-08-05,499400,INR,paid
ORD-2026070036,order_7168E1BA0AF640,Aanya Kumar,2026-07-03,829600,INR,paid
ORD-2026070037,order_29E15F35F5E569,Priya Yadav,2026-07-02,2262900,INR,paid
ORD-2026070038,order_4AFB02718EDD67,Sneha Singh,2026-08-05,300000,INR,paid
ORD-2026070039,order_64190CCC798F82,Ramesh Nair,2026-07-17,600700,INR,paid
ORD-2026070040,order_97EADDCE503BD4,Vijay Shah,2026-07-27,131900,INR,paid
ORD-2026070041,order_860CA379694B29,Ramesh Kapoor,2026-07-02,859700,INR,paid
ORD-2026070042,order_CABFEA20CFABCA,Vijay Kapoor,2026-08-04,1138100,INR,paid
ORD-2026070043,order_00CCAF1AB7DE26,Ananya Gupta,2026-07-09,23400,INR,paid
ORD-2026070044,order_AFC0057E085730,Neha Kumar,2026-07-19,2194900,INR,paid
ORD-2026070045,order_AD39167BF4C4A7,Sneha Menon,2026-07-17,194900,INR,paid
ORD-2026070046,order_F46AF542E087BD,Ishaan Malhotra,2026-07-26,299500,INR,paid
ORD-2026070047,order_D6E083FCBC6037,Arjun Mukherjee,2026-08-09,743600,INR,paid
ORD-2026070048,order_FC41A1DC659294,Sneha Patel,2026-07-06,733600,INR,paid
ORD-2026070049,order_B989908F0F3DB7,Ishaan Iyer,2026-07-22,664300,INR,paid
ORD-2026070050,order_2B2B9605F5F78F,Arjun Reddy,2026-07-29,73700,INR,paid
ORD-2026070051,order_0890E3B97BE08A,Riya Sharma,2026-07-25,596200,INR,paid
ORD-2026070052,order_C12E762FEE283E,Arjun Mehta,2026-07-17,40000,INR,paid
ORD-2026070053,order_01A6EA60C0DBC6,Vijay Malhotra,2026-07-16,112000,INR,paid
ORD-2026070054,order_5E694755D67B05,Suresh Das,2026-07-31,167300,INR,paid
ORD-2026070055,order_ED0B98B1B63436,Aanya Kapoor,2026-07-24,248100,INR,paid
ORD-2026070056,order_E95901FED5CE41,Aditya Ghosh,2026-07-13,48000,INR,paid
ORD-2026070057,order_01DA4722A6AC1B,Suresh Gupta,2026-07-11,639700,INR,paid
ORD-2026070058,order_251C8B7F7824B0,Saanvi Mehta,2026-07-04,75300,INR,paid
ORD-2026070059,order_5C1E4E6D626C7A,Ayaan Menon,2026-08-02,2034400,INR,paid
ORD-2026070060,order_570988D1DFE6A3,Sneha Verma,2026-07-12,696700,INR,paid
ORD-2026070061,order_13138EFF1F92C4,Sunita Kapoor,2026-07-24,78900,INR,paid
ORD-2026070062,order_5ABEC496138183,Rahul Joshi,2026-08-12,464400,INR,paid
ORD-2026070063,order_6A942C9F8DB99A,Suresh Gupta,2026-07-13,54000,INR,paid
ORD-2026070064,order_EDDACCFDC493A5,Avni Shah,2026-08-06,533700,INR,paid
ORD-2026070065,order_8308C11BCAFBDF,Rahul Patel,2026-07-11,72400,INR,paid
ORD-2026070066,order_5C7AF339ABCBD8,Aarohi Shah,2026-07-24,786900,INR,paid
ORD-2026070067,order_AB05B83935B18F,Suresh Reddy,2026-08-14,858700,INR,paid
ORD-2026070068,order_759323358592E5,Neha Kumar,2026-08-09,717000,INR,paid
ORD-2026070069,order_27F4A26531D7CC,Geeta Menon,2026-07-20,1891200,INR,paid
ORD-2026070070,order_967AAF23DC69BB,Aarav Das,2026-07-08,953200,INR,paid
ORD-2026070071,order_37EB7C9A4F1B32,Pooja Verma,2026-07-12,441900,INR,paid
ORD-2026070072,order_4C5B3A1BE45697,Riya Kumar,2026-07-15,825700,INR,paid
ORD-2026070073,order_BB4A46FECB2719,Reyansh Iyer,2026-07-09,500100,INR,paid
ORD-2026070074,order_36BB36C10BCB1F,Ananya Pillai,2026-07-04,5400000,INR,paid
ORD-2026070075,order_3F87FD17135FCA,Pari Das,2026-08-12,2254500,INR,paid
ORD-2026070076,order_CEAA5A53E7F444,Ayaan Shah,2026-07-24,69000,INR,paid
ORD-2026070077,order_951C4E77F7C1CB,Ramesh Yadav,2026-07-30,740000,INR,paid
ORD-2026070078,order_44ECF5A7ABEE89,Ayaan Chatterjee,2026-07-06,208500,INR,paid
ORD-2026070079,order_FFC2869373AB70,Vivaan Rao,2026-07-10,1757500,INR,paid
ORD-2026070080,order_CEEA7CC1781C96,Aarohi Reddy,2026-08-10,604300,INR,paid
ORD-2026070081,order_21FB43FAB06E27,Geeta Nair,2026-07-24,608900,INR,paid
ORD-2026070082,order_5A277E628BAA00,Arjun Patel,2026-07-16,378600,INR,paid
ORD-2026070083,order_DF821719E7474B,Amit Singh,2026-07-21,820800,INR,paid
ORD-2026070084,order_8AD33E67B5FE0E,Vihaan Chatterjee,2026-07-01,772200,INR,paid
ORD-2026070085,order_BECF2D36A325A7,Saanvi Yadav,2026-07-29,7206800,INR,paid
ORD-2026070086,order_E6BB189B1732BA,Saanvi Bose,2026-07-13,5664300,INR,paid
ORD-2026070087,order_6E5718ADF4B66B,Ananya Mehta,2026-08-07,129400,INR,paid
ORD-2026070088,order_65F3DFE9A9AC42,Sneha Mehta,2026-07-23,50700,INR,paid
ORD-2026070089,order_42C7BADACEDD80,Krishna Reddy,2026-08-14,817400,INR,paid
ORD-2026070090,order_DA918CB34CEF38,Vivaan Yadav,2026-07-28,78100,INR,paid
ORD-2026070091,order_8FEDB77B07028F,Vihaan Verma,2026-07-21,400100,INR,paid
ORD-2026070092,order_75EC69F01EE725,Aarav Kumar,2026-08-05,47000,INR,paid
ORD-2026070093,order_1D687F8A43EE9B,Geeta Das,2026-07-13,2468700,INR,paid
ORD-2026070094,order_D8B24AFD7FC69A,Ananya Iyer,2026-07-23,285600,INR,paid
ORD-2026070095,order_1E2B90F442BB1F,Vijay Yadav,2026-07-11,6419200,INR,paid
ORD-2026070096,order_01B3DEBD94652F,Pari Singh,2026-08-04,294500,INR,paid
ORD-2026070097,order_09BAAEC142A4CC,Aditya Malhotra,2026-07-14,847700,INR,paid
ORD-2026070098,order_55F9C2F80F8CA8,Aarav Iyer,2026-07-31,565300,INR,paid
ORD-2026070099,order_C68B567FE09846,Aanya Malhotra,2026-07-02,72900,INR,paid
ORD-2026070100,order_50763FA59F36C6,Shaurya Yadav,2026-07-12,386900,INR,paid
ORD-2026070101,order_BE1503B77C13FD,Shaurya Mukherjee,2026-07-21,58600,INR,paid
ORD-2026070102,order_6F3D71804B0933,Pari Sharma,2026-07-07,717900,INR,paid
ORD-2026070103,order_F3801BE1E807B7,Sneha Verma,2026-07-08,754600,INR,paid
ORD-2026070104,order_C5D5B4590E189E,Vijay Joshi,2026-08-01,3204200,INR,paid
ORD-2026070105,order_ACAF107D7D53B5,Krishna Ghosh,2026-07-17,929200,INR,paid
ORD-2026070106,order_1C3EB5F024F37F,Aditya Nair,2026-07-14,956400,INR,paid
ORD-2026070107,order_5795FF0D726925,Pari Singh,2026-07-18,762300,INR,paid
ORD-2026070108,order_0F868E5FE7DED5,Ishaan Reddy,2026-08-08,34900,INR,paid
ORD-2026070109,order_A537F1C0A9421E,Aadhya Iyer,2026-08-06,1751900,INR,paid
ORD-2026070110,order_F3127800DA1680,Ananya Malhotra,2026-07-01,719300,INR,paid
ORD-2026070111,order_5083E41D1053CF,Priya Kapoor,2026-07-24,1432500,INR,paid
ORD-2026070112,order_1299DA2F4FED10,Ramesh Shah,2026-08-09,78500,INR,paid
ORD-2026070113,order_21924340DF82DC,Reyansh Singh,2026-07-16,2726200,INR,paid
ORD-2026070114,order_50A4E0295078D4,Shaurya Mukherjee,2026-07-12,53600,INR,paid
ORD-2026070115,order_F8840F3F86C1DD,Aditya Menon,2026-07-02,2087200,INR,paid
ORD-2026070116,order_CDCDB3F6D16F57,Ayaan Kumar,2026-08-04,425300,INR,paid
ORD-2026070117,order_1EDB7B50A414BC,Ayaan Kapoor,2026-07-27,2235100,INR,paid
ORD-2026070118,order_BABC54BF2DAE0B,Diya Chatterjee,2026-08-12,261500,INR,paid
ORD-2026070119,order_DD1308E96596C2,Sunita Shah,2026-07-27,565900,INR,paid
ORD-2026070120,order_66EA02CE45B607,Ananya Pillai,2026-07-15,449900,INR,paid
ORD-2026070121,order_F4E5CC8F2532C1,Aadhya Singh,2026-08-09,1581400,INR,paid
ORD-2026070122,order_FF6F655FA0D7C9,Vijay Shah,2026-08-05,227900,INR,paid
ORD-2026070123,order_F5136938716A29,Aarav Menon,2026-07-26,35700,INR,paid
ORD-2026070124,order_7F9E12A61E53A0,Riya Patel,2026-07-06,2830900,INR,paid
ORD-2026070125,order_6CEABDAAF0C274,Aanya Yadav,2026-07-08,77900,INR,paid
ORD-2026070126,order_C14817ED66FDFA,Ananya Mukherjee,2026-07-07,1681800,INR,paid
ORD-2026070127,order_982EEB1485A63A,Saanvi Iyer,2026-07-21,441600,INR,paid
ORD-2026070128,order_E378D798166269,Priya Mehta,2026-07-16,394300,INR,paid
ORD-2026070129,order_D841A95473E1FB,Aadhya Chatterjee,2026-07-05,507300,INR,paid
ORD-2026070130,order_7156764D6ACDDF,Sneha Iyer,2026-08-13,1204000,INR,paid
ORD-2026070131,order_B241F011391CAD,Neha Sharma,2026-07-23,25800,INR,paid
ORD-2026070132,order_AAAB513D87781D,Sneha Das,2026-07-20,2227400,INR,paid
ORD-2026070133,order_1A76B9F4C9E647,Pari Chatterjee,2026-07-05,75900,INR,paid
ORD-2026070134,order_B7E31914DC4CAE,Avni Kumar,2026-07-28,3117300,INR,paid
ORD-2026070135,order_4FB17CCE551DA8,Aditya Menon,2026-07-30,182400,INR,paid
ORD-2026070136,order_127E68E1017E1F,Avni Ghosh,2026-07-26,135200,INR,paid
ORD-2026070137,order_A34BDB10A20933,Suresh Ghosh,2026-07-27,3524600,INR,paid
ORD-2026070138,order_CE31B371B26398,Aanya Bose,2026-07-12,2435500,INR,paid
ORD-2026070139,order_4A99245F366001,Suresh Ghosh,2026-08-13,757100,INR,paid
ORD-2026070140,order_24CCB09B47E29C,Aadhya Joshi,2026-08-07,36500,INR,paid
ORD-2026070141,order_0D3D5119A8DB72,Saanvi Mukherjee,2026-07-27,1064800,INR,paid
ORD-2026070142,order_CFC0C95770E7AE,Rahul Kapoor,2026-07-09,488000,INR,paid
ORD-2026070143,order_9D126A110EB542,Rahul Nair,2026-08-10,284700,INR,paid
ORD-2026070144,order_83C14103154428,Sunita Sharma,2026-07-21,269800,INR,paid
ORD-2026070145,order_668AD233D96749,Suresh Chatterjee,2026-09-03,1903600,INR,paid
ORD-2026070146,order_B93841A58A5190,Reyansh Sharma,2026-09-04,2066900,INR,paid
ORD-2026070147,order_EA28FC7E0488EE,Saanvi Kumar,2026-09-04,58200,INR,paid
ORD-2026070148,order_CD6B88893058BB,Ayaan Ghosh,2026-09-05,63200,INR,paid
ORD-2026070149,order_541BA2C5CA4916,Vihaan Verma,2026-09-04,946200,INR,paid
ORD-2026070150,order_AF80A54F3BD97E,Krishna Gupta,2026-09-04,74600,INR,paid
ORD-2026070151,order_A1A9AB1E4B0E9B,Saanvi Yadav,2026-09-03,368700,INR,paid
ORD-2026070152,order_2BF4994EA6336D,Vivaan Nair,2026-09-04,234500,INR,paid
ORD-2026070153,order_4D9B4EB8BC561D,Sunita Mehta,2026-09-05,777000,INR,paid
ORD-2026070154,order_7CE49F1BC2B293,Riya Mehta,2026-09-04,717400,INR,paid
ORD-2026070155,order_820114EC99C08B,Amit Yadav,2026-08-04,656000,INR,paid
ORD-2026070156,order_701975CEB1D01B,Aarohi Patel,2026-07-22,190700,INR,paid
ORD-2026070157,order_CF72D435F1B583,Sneha Shah,2026-08-04,720900,INR,paid
ORD-2026070158,order_C5ECA3359CAEFA,Shaurya Bose,2026-08-03,2175900,INR,paid
ORD-2026070159,order_3D628C91A11EE5,Reyansh Singh,2026-08-02,380100,INR,paid
ORD-2026070160,order_12553D471F24E6,Aarohi Yadav,2026-08-10,5653900,INR,paid
ORD-2026070161,order_D1CDF500F57A1C,Arjun Iyer,2026-07-07,2262900,INR,paid
ORD-2026070162,order_A8CAD230C9AFB0,Aditya Yadav,2026-07-19,129400,INR,paid
ORD-2026070163,order_2B33D8BBDA466B,Aanya Bose,2026-08-05,162000,INR,paid
ORD-2026070164,order_8BFAE8A5642114,Diya Patel,2026-08-11,59400,INR,paid
ORD-2026070165,order_4634061407D166,Sunita Malhotra,2026-07-29,1828300,INR,paid
ORD-2026070166,order_A58143A526E542,Sneha Mukherjee,2026-07-29,69800,INR,paid
ORD-2026070167,order_F82CB65A91CF90,Shaurya Bose,2026-07-24,24900,INR,paid
ORD-2026070168,order_CBAAA0877EC87D,Suresh Das,2026-07-04,5025000,INR,paid
ORD-2026070169,order_099B3DD9090D32,Aadhya Malhotra,2026-07-23,910500,INR,paid
ORD-2026070170,order_D9329C3DCB9332,Saanvi Bose,2026-07-05,2860800,INR,paid
ORD-2026070171,order_36E8BB28650028,Pooja Mehta,2026-07-28,1284500,INR,paid
ORD-2026070172,order_44BBF9AD1F4E54,Aditya Mehta,2026-07-04,107800,INR,paid
ORD-2026070173,order_13302D474E9806,Ramesh Joshi,2026-07-02,52800,INR,paid
ORD-2026070174,order_0CB66BD168E9B6,Vihaan Kumar,2026-07-10,234900,INR,paid
ORD-2026070175,order_100D35D5C7E216,Amit Pillai,2026-07-15,549800,INR,paid
ORD-2026070176,order_6EA39A0B4381C1,Aarohi Mukherjee,2026-07-20,2036900,INR,paid
ORD-2026070177,order_3370A210DD07A7,Riya Shah,2026-07-26,678400,INR,paid
ORD-2026070178,order_3BD4B89ADE0459,Arjun Malhotra,2026-07-02,416200,INR,paid
ORD-2026070179,,Aditya Chatterjee,2026-07-17,4235200,INR,paid
ORD-2026070180,order_84A6321653774F,Aanya Singh,2026-07-07,-127000,INR,paid
ORD-2026070181,order_E41341795E7F54,Geeta Malhotra,2026-08-15,158500,USD,paid
ORD-2026070182,order_A7ED4BAB485E1F,Riya Kapoor,not-a-date,5346400,INR,paid
ORD-2026070183,,Ananya Kapoor,2026-08-02,826200,INR,paid
ORD-2026070184,order_431E083BF94E33,Aarohi Sharma,2026-07-02,-264700,INR,paid
ORD-2026070185,order_85553C6F7363A9,Rahul Iyer,2026-07-14,2402100,USD,paid
ORD-2026070186,order_A82B751E62EB1F,Aarav Nair,not-a-date,845700,INR,paid
ORD-2026070187,order_nolink_0187,Krishna Gupta,2026-07-24,861100,INR,paid
ORD-2026070189,order_nolink_0189,Saanvi Kumar,2026-07-12,578700,INR,paid
ORD-2026070191,order_nolink_0191,Pooja Ghosh,2026-07-14,1426000,INR,paid
ORD-2026070193,order_nolink_0193,Geeta Joshi,2026-07-16,1578200,INR,paid
ORD-2026070195,order_nolink_0195,Aadhya Reddy,2026-07-30,567800,INR,paid
ORD-2026070197,order_nolink_0197,Avni Patel,2026-07-12,972400,INR,paid
